{
  "action_scaler": null,
  "alpha": 0.0,
  "batch_size": 4096,
  "encoder_factory": {
    "type": "default",
    "params": {
      "activation": "relu",
      "use_batch_norm": false,
      "dropout_rate": null
    }
  },
  "gamma": 0.99,
  "generated_maxlen": 100000,
  "learning_rate": 6.25e-05,
  "n_critics": 1,
  "n_frames": 1,
  "n_steps": 1,
  "optim_factory": {
    "optim_cls": "Adam",
    "betas": [
      0.9,
      0.999
    ],
    "eps": 1e-08,
    "weight_decay": 0,
    "amsgrad": false
  },
  "q_func_factory": {
    "type": "mean",
    "params": {
      "bootstrap": false,
      "share_encoder": false
    }
  },
  "real_ratio": 1.0,
  "reward_scaler": {
    "type": "standard",
    "params": {
      "mean": 1.3217610075090223,
      "std": 1.0399881580167663,
      "eps": 0.001
    }
  },
  "scaler": {
    "type": "standard",
    "params": {
      "mean": [
        [
          219465.01743605442,
          219920.24348163264,
          220375.93661904763,
          220827.32610034014,
          221280.1440547619,
          3.550045173987564,
          3.55756696393279,
          3.565132549218418,
          3.572268632403523,
          3.5796626279766057,
          23.48635255033532,
          245.5,
          2.4334744897959184,
          151103.36326530614,
          375137.1755102041,
          598592.1959183674,
          921320.4244897959,
          1418933.812244898,
          2139625.926530612
        ]
      ],
      "std": [
        [
          92403.18858265714,
          91960.05158846136,
          91513.11742355133,
          91055.76499861434,
          90598.10844002996,
          1.1141246823021993,
          1.1035425589548473,
          1.092943752397193,
          1.0819181393439796,
          1.071165127187359,
          14.487403479863397,
          141.45052138468773,
          1.0985919572183651,
          16452.44938592625,
          38452.34989262533,
          57572.97930101314,
          86243.59633824811,
          141344.51469657448,
          141816.3089534904
        ]
      ],
      "eps": 0.001
    }
  },
  "target_reduction_type": "min",
  "target_update_interval": 100,
  "use_gpu": 0,
  "algorithm": "DiscreteCQL",
  "observation_shape": [
    19
  ],
  "action_size": 6
}